STATUS,COMMENTS,ID
ITEM delete,,"00T500000653fawEAA"
ITEM delete,,"00T500000653faxEAA"
ITEM delete,,"00T500000653fayEAA"
ITEM delete,,"00T500000653fazEAA"
ITEM delete,,"00T500000653fb0EAA"
ITEM delete,,"00T500000653fb1EAA"
ITEM delete,,"00T500000653fb2EAA"
ITEM delete,,"00T500000653fb3EAA"
ITEM delete,,"00T500000653fb4EAA"
ITEM delete,,"00T500000653fb5EAA"
ITEM delete,,"00T500000653fb6EAA"
ITEM delete,,"00T500000653fb7EAA"
ITEM delete,,"00T500000653fb8EAA"
ITEM delete,,"00T500000653fb9EAA"
ITEM delete,,"00T500000653fbAEAQ"
ITEM delete,,"00T500000653fbBEAQ"
ITEM delete,,"00T500000653fbCEAQ"
ITEM delete,,"00T500000653fbDEAQ"
ITEM delete,,"00T500000653fbEEAQ"
ITEM delete,,"00T500000653fbFEAQ"
ITEM delete,,"00T500000653fbGEAQ"
ITEM delete,,"00T500000653fbHEAQ"
ITEM delete,,"00T500000653fbIEAQ"
ITEM delete,,"00T500000653fbJEAQ"
ITEM delete,,"00T500000653fbKEAQ"
ITEM delete,,"00T500000653fbLEAQ"
ITEM delete,,"00T500000653fbMEAQ"
ITEM delete,,"00T500000653fbNEAQ"
ITEM delete,,"00T500000653fbOEAQ"
ITEM delete,,"00T500000653fbPEAQ"
ITEM delete,,"00T500000653fbQEAQ"
ITEM delete,,"00T500000653fbREAQ"
ITEM delete,,"00T500000653fbSEAQ"
ITEM delete,,"00T500000653fbTEAQ"
ITEM delete,,"00T500000653fbUEAQ"
ITEM delete,,"00T500000653fbVEAQ"
ITEM delete,,"00T500000653fbWEAQ"
ITEM delete,,"00T500000653fbXEAQ"
ITEM delete,,"00T500000653fbYEAQ"
ITEM delete,,"00T500000653fbZEAQ"
ITEM delete,,"00T500000653fbaEAA"
ITEM delete,,"00T500000653fbbEAA"
ITEM delete,,"00T500000653fbcEAA"
ITEM delete,,"00T500000653fbdEAA"
ITEM delete,,"00T500000653fbeEAA"
ITEM delete,,"00T500000653fbfEAA"
ITEM delete,,"00T500000653fbgEAA"
ITEM delete,,"00T500000653fbhEAA"
ITEM delete,,"00T500000653fbiEAA"
ITEM delete,,"00T500000653fbjEAA"
ITEM delete,,"00T500000653fbkEAA"
ITEM delete,,"00T500000653fblEAA"
ITEM delete,,"00T500000653fbmEAA"
ITEM delete,,"00T500000653fbnEAA"
ITEM delete,,"00T500000653fboEAA"
ITEM delete,,"00T500000653fbpEAA"
ITEM delete,,"00T500000653fbqEAA"
ITEM delete,,"00T500000653fbrEAA"
ITEM delete,,"00T500000653fbsEAA"
ITEM delete,,"00T500000653fbtEAA"
ITEM delete,,"00T500000653fbuEAA"
ITEM delete,,"00T500000653fbvEAA"
ITEM delete,,"00T500000653fbwEAA"
ITEM delete,,"00T500000653fbxEAA"
ITEM delete,,"00T500000653fbyEAA"
ITEM delete,,"00T500000653fbzEAA"
ITEM delete,,"00T500000653fc0EAA"
ITEM delete,,"00T500000653fc1EAA"
ITEM delete,,"00T500000653fc2EAA"
ITEM delete,,"00T500000653fc3EAA"
ITEM delete,,"00T500000653fc4EAA"
ITEM delete,,"00T500000653fc5EAA"
ITEM delete,,"00T500000653fc6EAA"
ITEM delete,,"00T500000653fc7EAA"
ITEM delete,,"00T500000653fc8EAA"
ITEM delete,,"00T500000653fc9EAA"
ITEM delete,,"00T500000653fcAEAQ"
ITEM delete,,"00T500000653fcBEAQ"
ITEM delete,,"00T500000653fdZEAQ"
ITEM delete,,"00T500000653fdaEAA"
ITEM delete,,"00T500000653fdbEAA"
ITEM delete,,"00T500000653fdcEAA"
ITEM delete,,"00T500000653fddEAA"
ITEM delete,,"00T500000653fdeEAA"
ITEM delete,,"00T500000653fdfEAA"
ITEM delete,,"00T500000653fdgEAA"
ITEM delete,,"00T500000653fdhEAA"
ITEM delete,,"00T500000653fdiEAA"
ITEM delete,,"00T500000653fdjEAA"
ITEM delete,,"00T500000653fdkEAA"
ITEM delete,,"00T500000653fdlEAA"
ITEM delete,,"00T500000653fdmEAA"
ITEM delete,,"00T500000653fdnEAA"
ITEM delete,,"00T500000653fdoEAA"
ITEM delete,,"00T500000653fdpEAA"
ITEM delete,,"00T500000653fdqEAA"
ITEM delete,,"00T500000653fdrEAA"
ITEM delete,,"00T500000653fdsEAA"
ITEM delete,,"00T500000653fdtEAA"
ITEM delete,,"00T500000653fduEAA"
ITEM delete,,"00T500000653fdvEAA"
ITEM delete,,"00T500000653fdwEAA"
ITEM delete,,"00T500000653fdxEAA"
ITEM delete,,"00T500000653fdyEAA"
ITEM delete,,"00T500000653fdzEAA"
ITEM delete,,"00T500000653fe0EAA"
ITEM delete,,"00T500000653fe1EAA"
ITEM delete,,"00T500000653fe2EAA"
ITEM delete,,"00T500000653fe3EAA"
ITEM delete,,"00T500000653fe4EAA"
ITEM delete,,"00T500000653fe5EAA"
ITEM delete,,"00T500000653fe6EAA"
ITEM delete,,"00T500000653fe7EAA"
ITEM delete,,"00T500000653fe8EAA"
ITEM delete,,"00T500000653fe9EAA"
ITEM delete,,"00T500000653feAEAQ"
ITEM delete,,"00T500000653feBEAQ"
ITEM delete,,"00T500000653ff5EAA"
ITEM delete,,"00T500000653ff6EAA"
ITEM delete,,"00T500000653ff7EAA"
ITEM delete,,"00T500000653ff8EAA"
ITEM delete,,"00T500000653ff9EAA"
ITEM delete,,"00T500000653ffAEAQ"
ITEM delete,,"00T500000653ffBEAQ"
ITEM delete,,"00T500000653ffCEAQ"
ITEM delete,,"00T500000653ffDEAQ"
ITEM delete,,"00T500000653ffEEAQ"
ITEM delete,,"00T500000653ffFEAQ"
ITEM delete,,"00T500000653ffGEAQ"
ITEM delete,,"00T500000653ffHEAQ"
ITEM delete,,"00T500000653ffmEAA"
ITEM delete,,"00T500000653ffnEAA"
ITEM delete,,"00T500000653ffoEAA"
ITEM delete,,"00T500000653ffpEAA"
ITEM delete,,"00T500000653ffqEAA"
ITEM delete,,"00T500000653ffrEAA"
ITEM delete,,"00T500000653ffsEAA"
ITEM delete,,"00T500000653fftEAA"
ITEM delete,,"00T500000653ffuEAA"
ITEM delete,,"00T500000653ffvEAA"
ITEM delete,,"00T500000653ffwEAA"
ITEM delete,,"00T500000653ffxEAA"
ITEM delete,,"00T500000653ffyEAA"
ITEM delete,,"00T500000653ffzEAA"
ITEM delete,,"00T500000653fg0EAA"
ITEM delete,,"00T500000653fg1EAA"
ITEM delete,,"00T500000653fg2EAA"
ITEM delete,,"00T500000653fg3EAA"
ITEM delete,,"00T500000653fg4EAA"
ITEM delete,,"00T500000653fg5EAA"
ITEM delete,,"00T500000653fg6EAA"
ITEM delete,,"00T500000653fg7EAA"
ITEM delete,,"00T500000653fg8EAA"
ITEM delete,,"00T500000653fg9EAA"
ITEM delete,,"00T500000653fgAEAQ"
ITEM delete,,"00T500000653fgBEAQ"
ITEM delete,,"00T500000653fgCEAQ"
ITEM delete,,"00T500000653fgDEAQ"
ITEM delete,,"00T500000653fgEEAQ"
ITEM delete,,"00T500000653fgFEAQ"
ITEM delete,,"00T500000653fgGEAQ"
ITEM delete,,"00T500000653fgHEAQ"
ITEM delete,,"00T500000653fgIEAQ"
ITEM delete,,"00T500000653fgJEAQ"
ITEM delete,,"00T500000653fgKEAQ"
ITEM delete,,"00T500000653fgLEAQ"
ITEM delete,,"00T500000653fgMEAQ"
ITEM delete,,"00T500000653fgNEAQ"
ITEM delete,,"00T500000653fgOEAQ"
ITEM delete,,"00T500000653fgPEAQ"
ITEM delete,,"00T500000653fgQEAQ"
ITEM delete,,"00T500000653fgxEAA"
ITEM delete,,"00T500000653fgyEAA"
ITEM delete,,"00T500000653fgzEAA"
ITEM delete,,"00T500000653fh0EAA"
ITEM delete,,"00T500000653fh1EAA"
ITEM delete,,"00T500000653fh2EAA"
ITEM delete,,"00T500000653fh3EAA"
ITEM delete,,"00T500000653fh4EAA"
ITEM delete,,"00T500000653fh5EAA"
ITEM delete,,"00T500000653fh6EAA"
ITEM delete,,"00T500000653fh7EAA"
ITEM delete,,"00T500000653fh8EAA"
ITEM delete,,"00T500000653fh9EAA"
ITEM delete,,"00T500000653fhAEAQ"
ITEM delete,,"00T500000653fhBEAQ"
ITEM delete,,"00T500000653fhCEAQ"
ITEM delete,,"00T500000653fhDEAQ"
ITEM delete,,"00T500000653fhEEAQ"
ITEM delete,,"00T500000653fhFEAQ"
ITEM delete,,"00T500000653fhGEAQ"
ITEM delete,,"00T500000653fhHEAQ"
ITEM delete,,"00T500000653fhIEAQ"
ITEM delete,,"00T500000653fhJEAQ"
ITEM delete,,"00T500000653fhKEAQ"
ITEM delete,,"00T500000653fhLEAQ"
ITEM delete,,"00T500000653fhMEAQ"
ITEM delete,,"00T500000653fhNEAQ"
ITEM delete,,"00T500000653fhOEAQ"
ITEM delete,,"00T500000653fhPEAQ"
ITEM delete,,"00T500000653fhQEAQ"
ITEM delete,,"00T500000653fhREAQ"
ITEM delete,,"00T500000653fhSEAQ"
ITEM delete,,"00T500000653fhTEAQ"
ITEM delete,,"00T500000653fhUEAQ"
ITEM delete,,"00T500000653fhVEAQ"
ITEM delete,,"00T500000653fhWEAQ"
ITEM delete,,"00T500000653fhXEAQ"
ITEM delete,,"00T500000653fhYEAQ"
ITEM delete,,"00T500000653fhZEAQ"
ITEM delete,,"00T500000653fhaEAA"
ITEM delete,,"00T500000653fhbEAA"
ITEM delete,,"00T500000653fhcEAA"
ITEM delete,,"00T500000653fhdEAA"
ITEM delete,,"00T500000653fheEAA"
ITEM delete,,"00T500000653fhfEAA"
ITEM delete,,"00T500000653fhgEAA"
ITEM delete,,"00T500000653fhhEAA"
ITEM delete,,"00T500000653fhiEAA"
ITEM delete,,"00T500000653fhjEAA"
ITEM delete,,"00T500000653fhkEAA"
ITEM delete,,"00T500000653fhlEAA"
ITEM delete,,"00T500000653fhmEAA"
ITEM delete,,"00T500000653fhnEAA"
ITEM delete,,"00T500000653fhoEAA"
ITEM delete,,"00T500000653fhpEAA"
ITEM delete,,"00T500000653fhqEAA"
ITEM delete,,"00T500000653fhrEAA"
ITEM delete,,"00T500000653fhsEAA"
ITEM delete,,"00T500000653fhtEAA"
ITEM delete,,"00T500000653fhuEAA"
ITEM delete,,"00T500000653fhvEAA"
ITEM delete,,"00T500000653fhwEAA"
ITEM delete,,"00T500000653fhxEAA"
ITEM delete,,"00T500000653fhyEAA"
ITEM delete,,"00T500000653fhzEAA"
ITEM delete,,"00T500000653fi0EAA"
ITEM delete,,"00T500000653fi1EAA"
ITEM delete,,"00T500000653fi2EAA"
ITEM delete,,"00T500000653fi3EAA"
ITEM delete,,"00T500000653fi4EAA"
ITEM delete,,"00T500000653fi5EAA"
ITEM delete,,"00T500000653fi6EAA"
ITEM delete,,"00T500000653fi7EAA"
ITEM delete,,"00T500000653fi8EAA"
ITEM delete,,"00T500000653fi9EAA"
ITEM delete,,"00T500000653fiAEAQ"
ITEM delete,,"00T500000653fiBEAQ"
ITEM delete,,"00T500000653fiCEAQ"
ITEM delete,,"00T500000653fiDEAQ"
ITEM delete,,"00T500000653fiEEAQ"
ITEM delete,,"00T500000653fieEAA"
ITEM delete,,"00T500000653fifEAA"
ITEM delete,,"00T500000653figEAA"
ITEM delete,,"00T500000653fihEAA"
ITEM delete,,"00T500000653fiiEAA"
ITEM delete,,"00T500000653fijEAA"
ITEM delete,,"00T500000653fikEAA"
ITEM delete,,"00T500000653filEAA"
ITEM delete,,"00T500000653fimEAA"
ITEM delete,,"00T500000653finEAA"
ITEM delete,,"00T500000653fioEAA"
ITEM delete,,"00T500000653fipEAA"
ITEM delete,,"00T500000653fiqEAA"
ITEM delete,,"00T500000653firEAA"
ITEM delete,,"00T500000653fisEAA"
ITEM delete,,"00T500000653fitEAA"
ITEM delete,,"00T500000653fiuEAA"
ITEM delete,,"00T500000653fivEAA"
ITEM delete,,"00T500000653fiwEAA"
ITEM delete,,"00T500000653fixEAA"
ITEM delete,,"00T500000653fiyEAA"
ITEM delete,,"00T500000653fizEAA"
ITEM delete,,"00T500000653fj0EAA"
ITEM delete,,"00T500000653fj1EAA"
ITEM delete,,"00T500000653fj2EAA"
ITEM delete,,"00T500000653fj3EAA"
ITEM delete,,"00T500000653fj4EAA"
ITEM delete,,"00T500000653fj5EAA"
ITEM delete,,"00T500000653fj6EAA"
ITEM delete,,"00T500000653fj7EAA"
ITEM delete,,"00T500000653fj8EAA"
ITEM delete,,"00T500000653fj9EAA"
ITEM delete,,"00T500000653fjAEAQ"
ITEM delete,,"00T500000653fjBEAQ"
ITEM delete,,"00T500000653fjCEAQ"
ITEM delete,,"00T500000653fjDEAQ"
ITEM delete,,"00T500000653fjEEAQ"
ITEM delete,,"00T500000653fjFEAQ"
ITEM delete,,"00T500000653fjGEAQ"
ITEM delete,,"00T500000653fjHEAQ"
ITEM delete,,"00T500000653fjIEAQ"
ITEM delete,,"00T500000653fjJEAQ"
ITEM delete,,"00T500000653fjKEAQ"
ITEM delete,,"00T500000653fjLEAQ"
ITEM delete,,"00T500000653fjMEAQ"
ITEM delete,,"00T500000653fjNEAQ"
ITEM delete,,"00T500000653fjOEAQ"
ITEM delete,,"00T500000653fjPEAQ"
ITEM delete,,"00T500000653fjQEAQ"
ITEM delete,,"00T500000653fjREAQ"
ITEM delete,,"00T500000653fjSEAQ"
ITEM delete,,"00T500000653fjTEAQ"
ITEM delete,,"00T500000653fjUEAQ"
ITEM delete,,"00T500000653fjVEAQ"
ITEM delete,,"00T500000653fjWEAQ"
ITEM delete,,"00T500000653fjXEAQ"
ITEM delete,,"00T500000653fjYEAQ"
ITEM delete,,"00T500000653fjZEAQ"
ITEM delete,,"00T500000653fjaEAA"
ITEM delete,,"00T500000653fjbEAA"
ITEM delete,,"00T500000653fjcEAA"
ITEM delete,,"00T500000653fjdEAA"
ITEM delete,,"00T500000653fjeEAA"
ITEM delete,,"00T500000653fjfEAA"
ITEM delete,,"00T500000653fjgEAA"
ITEM delete,,"00T500000653fjhEAA"
ITEM delete,,"00T500000653fjiEAA"
ITEM delete,,"00T500000653fjjEAA"
ITEM delete,,"00T500000653fjkEAA"
ITEM delete,,"00T500000653fjlEAA"
ITEM delete,,"00T500000653fjmEAA"
ITEM delete,,"00T500000653fjnEAA"
ITEM delete,,"00T500000653fjoEAA"
ITEM delete,,"00T500000653fjpEAA"
ITEM delete,,"00T500000653fjqEAA"
ITEM delete,,"00T500000653fjrEAA"
ITEM delete,,"00T500000653fjsEAA"
ITEM delete,,"00T500000653fjtEAA"
ITEM delete,,"00T500000653fjuEAA"
ITEM delete,,"00T500000653fjvEAA"
ITEM delete,,"00T500000653fjwEAA"
ITEM delete,,"00T500000653fjxEAA"
ITEM delete,,"00T500000653fjyEAA"
ITEM delete,,"00T500000653fjzEAA"
ITEM delete,,"00T500000653fk0EAA"
ITEM delete,,"00T500000653fk1EAA"
ITEM delete,,"00T500000653fk2EAA"
ITEM delete,,"00T500000653fk3EAA"
ITEM delete,,"00T500000653fk4EAA"
ITEM delete,,"00T500000653fk5EAA"
ITEM delete,,"00T500000653fk6EAA"
ITEM delete,,"00T500000653fk7EAA"
ITEM delete,,"00T500000653fk8EAA"
ITEM delete,,"00T500000653fk9EAA"
ITEM delete,,"00T500000653fkAEAQ"
ITEM delete,,"00T500000653fkBEAQ"
ITEM delete,,"00T500000653fkCEAQ"
ITEM delete,,"00T500000653fkDEAQ"
ITEM delete,,"00T500000653fkEEAQ"
ITEM delete,,"00T500000653fkFEAQ"
ITEM delete,,"00T500000653fkGEAQ"
ITEM delete,,"00T500000653fkHEAQ"
ITEM delete,,"00T500000653fkIEAQ"
ITEM delete,,"00T500000653fkJEAQ"
ITEM delete,,"00T500000653fkKEAQ"
ITEM delete,,"00T500000653fkLEAQ"
ITEM delete,,"00T500000653fkMEAQ"
ITEM delete,,"00T500000653fkNEAQ"
ITEM delete,,"00T500000653fkOEAQ"
ITEM delete,,"00T500000653fkPEAQ"
ITEM delete,,"00T500000653fkQEAQ"
ITEM delete,,"00T500000653fkREAQ"
ITEM delete,,"00T500000653fkSEAQ"
ITEM delete,,"00T500000653fkTEAQ"
ITEM delete,,"00T500000653fkUEAQ"
ITEM delete,,"00T500000653fkVEAQ"
ITEM delete,,"00T500000653fkWEAQ"
ITEM delete,,"00T500000653fkXEAQ"
ITEM delete,,"00T500000653fkYEAQ"
ITEM delete,,"00T500000653fkZEAQ"
ITEM delete,,"00T500000653fkaEAA"
ITEM delete,,"00T500000653fkbEAA"
ITEM delete,,"00T500000653fkcEAA"
ITEM delete,,"00T500000653fkdEAA"
ITEM delete,,"00T500000653fkeEAA"
ITEM delete,,"00T500000653fkfEAA"
ITEM delete,,"00T500000653fkgEAA"
ITEM delete,,"00T500000653fkhEAA"
ITEM delete,,"00T500000653fkiEAA"
ITEM delete,,"00T500000653fkjEAA"
ITEM delete,,"00T500000653fkkEAA"
ITEM delete,,"00T500000653fklEAA"
ITEM delete,,"00T500000653fkmEAA"
ITEM delete,,"00T500000653fknEAA"
ITEM delete,,"00T500000653fkoEAA"
ITEM delete,,"00T500000653fkpEAA"
ITEM delete,,"00T500000653fkqEAA"
ITEM delete,,"00T500000653fkrEAA"
ITEM delete,,"00T500000653fksEAA"
ITEM delete,,"00T500000653fktEAA"
ITEM delete,,"00T500000653fkuEAA"
ITEM delete,,"00T500000653fkvEAA"
ITEM delete,,"00T500000653fkwEAA"
ITEM delete,,"00T500000653fkxEAA"
ITEM delete,,"00T500000653fkyEAA"
ITEM delete,,"00T500000653fkzEAA"
ITEM delete,,"00T500000653fl0EAA"
ITEM delete,,"00T500000653fl1EAA"
ITEM delete,,"00T500000653fl2EAA"
ITEM delete,,"00T500000653fl3EAA"
ITEM delete,,"00T500000653fl4EAA"
ITEM delete,,"00T500000653fl5EAA"
ITEM delete,,"00T500000653fl6EAA"
ITEM delete,,"00T500000653fl7EAA"
ITEM delete,,"00T500000653fl8EAA"
ITEM delete,,"00T500000653fl9EAA"
ITEM delete,,"00T500000653flAEAQ"
ITEM delete,,"00T500000653flBEAQ"
ITEM delete,,"00T500000653flCEAQ"
ITEM delete,,"00T500000653flDEAQ"
ITEM delete,,"00T500000653flEEAQ"
ITEM delete,,"00T500000653flPEAQ"
ITEM delete,,"00T500000653flQEAQ"
ITEM delete,,"00T500000653flREAQ"
ITEM delete,,"00T500000653flSEAQ"
ITEM delete,,"00T500000653flTEAQ"
ITEM delete,,"00T500000653flUEAQ"
ITEM delete,,"00T500000653flVEAQ"
ITEM delete,,"00T500000653flWEAQ"
ITEM delete,,"00T500000653flXEAQ"
ITEM delete,,"00T500000653flYEAQ"
ITEM delete,,"00T500000653flZEAQ"
ITEM delete,,"00T500000653flaEAA"
ITEM delete,,"00T500000653flbEAA"
ITEM delete,,"00T500000653flcEAA"
ITEM delete,,"00T500000653fldEAA"
ITEM delete,,"00T500000653fleEAA"
ITEM delete,,"00T500000653flfEAA"
ITEM delete,,"00T500000653flgEAA"
ITEM delete,,"00T500000653flhEAA"
ITEM delete,,"00T500000653fliEAA"
ITEM delete,,"00T500000653fljEAA"
ITEM delete,,"00T500000653flkEAA"
ITEM delete,,"00T500000653fllEAA"
ITEM delete,,"00T500000653flmEAA"
ITEM delete,,"00T500000653flnEAA"
ITEM delete,,"00T500000653floEAA"
ITEM delete,,"00T500000653flpEAA"
ITEM delete,,"00T500000653flqEAA"
ITEM delete,,"00T500000653flrEAA"
ITEM delete,,"00T500000653flsEAA"
ITEM delete,,"00T500000653fltEAA"
ITEM delete,,"00T500000653fluEAA"
ITEM delete,,"00T500000653flvEAA"
ITEM delete,,"00T500000653flwEAA"
ITEM delete,,"00T500000653flxEAA"
ITEM delete,,"00T500000653flyEAA"
ITEM delete,,"00T500000653flzEAA"
ITEM delete,,"00T500000653fm0EAA"
ITEM delete,,"00T500000653fm1EAA"
ITEM delete,,"00T500000653fm2EAA"
ITEM delete,,"00T500000653fm3EAA"
ITEM delete,,"00T500000653fm4EAA"
ITEM delete,,"00T500000653fm5EAA"
ITEM delete,,"00T500000653fm6EAA"
ITEM delete,,"00T500000653fm7EAA"
ITEM delete,,"00T500000653fm8EAA"
ITEM delete,,"00T500000653fm9EAA"
ITEM delete,,"00T500000653fmAEAQ"
ITEM delete,,"00T500000653fmBEAQ"
ITEM delete,,"00T500000653fmCEAQ"
ITEM delete,,"00T500000653fmDEAQ"
ITEM delete,,"00T500000653fmEEAQ"
ITEM delete,,"00T500000653fmFEAQ"
ITEM delete,,"00T500000653fmGEAQ"
ITEM delete,,"00T500000653fmHEAQ"
ITEM delete,,"00T500000653fmIEAQ"
ITEM delete,,"00T500000653fmJEAQ"
ITEM delete,,"00T500000653fmKEAQ"
ITEM delete,,"00T500000653fmLEAQ"
ITEM delete,,"00T500000653fmMEAQ"
ITEM delete,,"00T500000653fmNEAQ"
ITEM delete,,"00T500000653fmOEAQ"
ITEM delete,,"00T500000653fmPEAQ"
ITEM delete,,"00T500000653fmQEAQ"
ITEM delete,,"00T500000653fmREAQ"
ITEM delete,,"00T500000653fmSEAQ"
ITEM delete,,"00T500000653fmTEAQ"
ITEM delete,,"00T500000653fmUEAQ"
ITEM delete,,"00T500000653fmVEAQ"
ITEM delete,,"00T500000653fmWEAQ"
ITEM delete,,"00T500000653fmXEAQ"
ITEM delete,,"00T500000653fmYEAQ"
ITEM delete,,"00T500000653fmZEAQ"
ITEM delete,,"00T500000653fmaEAA"
ITEM delete,,"00T500000653fmbEAA"
ITEM delete,,"00T500000653fmcEAA"
ITEM delete,,"00T500000653fmdEAA"
ITEM delete,,"00T500000653fmeEAA"
ITEM delete,,"00T500000653fmfEAA"
ITEM delete,,"00T500000653fmgEAA"
ITEM delete,,"00T500000653fmhEAA"
ITEM delete,,"00T500000653fmiEAA"
ITEM delete,,"00T500000653fmjEAA"
ITEM delete,,"00T500000653fmkEAA"
ITEM delete,,"00T500000653fmlEAA"
ITEM delete,,"00T500000653fmmEAA"
ITEM delete,,"00T500000653fmnEAA"
ITEM delete,,"00T500000653fnDEAQ"
ITEM delete,,"00T500000653fnEEAQ"
ITEM delete,,"00T500000653fnFEAQ"
ITEM delete,,"00T500000653fnGEAQ"
ITEM delete,,"00T500000653fnHEAQ"
ITEM delete,,"00T500000653fnIEAQ"
ITEM delete,,"00T500000653fnJEAQ"
ITEM delete,,"00T500000653fnKEAQ"
ITEM delete,,"00T500000653fnLEAQ"
ITEM delete,,"00T500000653fnMEAQ"
ITEM delete,,"00T500000653fnNEAQ"
ITEM delete,,"00T500000653fnOEAQ"
ITEM delete,,"00T500000653fnPEAQ"
ITEM delete,,"00T500000653fnQEAQ"
ITEM delete,,"00T500000653fnREAQ"
ITEM delete,,"00T500000653fnSEAQ"
ITEM delete,,"00T500000653fnTEAQ"
ITEM delete,,"00T500000653fnUEAQ"
ITEM delete,,"00T500000653fnVEAQ"
ITEM delete,,"00T500000653fnWEAQ"
ITEM delete,,"00T500000653fnXEAQ"
ITEM delete,,"00T500000653fnYEAQ"
ITEM delete,,"00T500000653fnZEAQ"
ITEM delete,,"00T500000653fnaEAA"
ITEM delete,,"00T500000653fnbEAA"
ITEM delete,,"00T500000653fncEAA"
ITEM delete,,"00T500000653fndEAA"
ITEM delete,,"00T500000653fneEAA"
ITEM delete,,"00T500000653fnfEAA"
ITEM delete,,"00T500000653fngEAA"
ITEM delete,,"00T500000653fnhEAA"
ITEM delete,,"00T500000653fniEAA"
ITEM delete,,"00T500000653fnjEAA"
ITEM delete,,"00T500000653fnkEAA"
ITEM delete,,"00T500000653fnlEAA"
ITEM delete,,"00T500000653fnmEAA"
ITEM delete,,"00T500000653fnnEAA"
ITEM delete,,"00T500000653fnoEAA"
ITEM delete,,"00T500000653fnpEAA"
ITEM delete,,"00T500000653fnqEAA"
ITEM delete,,"00T500000653fnrEAA"
ITEM delete,,"00T500000653fnsEAA"
ITEM delete,,"00T500000653fntEAA"
ITEM delete,,"00T500000653fnuEAA"
ITEM delete,,"00T500000653fnvEAA"
ITEM delete,,"00T500000653fnwEAA"
ITEM delete,,"00T500000653fnxEAA"
ITEM delete,,"00T500000653fnyEAA"
ITEM delete,,"00T500000653fnzEAA"
ITEM delete,,"00T500000653fo0EAA"
ITEM delete,,"00T500000653fo1EAA"
ITEM delete,,"00T500000653fo2EAA"
ITEM delete,,"00T500000653fo3EAA"
ITEM delete,,"00T500000653fo4EAA"
ITEM delete,,"00T500000653fo5EAA"
ITEM delete,,"00T500000653fo6EAA"
ITEM delete,,"00T500000653fo7EAA"
ITEM delete,,"00T500000653fo8EAA"
ITEM delete,,"00T500000653fo9EAA"
ITEM delete,,"00T500000653foAEAQ"
ITEM delete,,"00T500000653foBEAQ"
ITEM delete,,"00T500000653foCEAQ"
ITEM delete,,"00T500000653foDEAQ"
ITEM delete,,"00T500000653foEEAQ"
ITEM delete,,"00T500000653foFEAQ"
ITEM delete,,"00T500000653foGEAQ"
ITEM delete,,"00T500000653foHEAQ"
ITEM delete,,"00T500000653foIEAQ"
ITEM delete,,"00T500000653foJEAQ"
ITEM delete,,"00T500000653foKEAQ"
ITEM delete,,"00T500000653foLEAQ"
ITEM delete,,"00T500000653foMEAQ"
ITEM delete,,"00T500000653foNEAQ"
ITEM delete,,"00T500000653foOEAQ"
ITEM delete,,"00T500000653foPEAQ"
ITEM delete,,"00T500000653foQEAQ"
ITEM delete,,"00T500000653foREAQ"
ITEM delete,,"00T500000653foSEAQ"
ITEM delete,,"00T500000653foTEAQ"
ITEM delete,,"00T500000653foUEAQ"
ITEM delete,,"00T500000653foVEAQ"
ITEM delete,,"00T500000653foWEAQ"
ITEM delete,,"00T500000653foXEAQ"
ITEM delete,,"00T500000653foYEAQ"
ITEM delete,,"00T500000653foZEAQ"
ITEM delete,,"00T500000653foaEAA"
ITEM delete,,"00T500000653fobEAA"
ITEM delete,,"00T500000653focEAA"
ITEM delete,,"00T500000653fodEAA"
ITEM delete,,"00T500000653foeEAA"
ITEM delete,,"00T500000653fofEAA"
ITEM delete,,"00T500000653fogEAA"
ITEM delete,,"00T500000653fohEAA"
ITEM delete,,"00T500000653foiEAA"
ITEM delete,,"00T500000653fojEAA"
ITEM delete,,"00T500000653fokEAA"
ITEM delete,,"00T500000653folEAA"
ITEM delete,,"00T500000653fomEAA"
ITEM delete,,"00T500000653fonEAA"
ITEM delete,,"00T500000653fooEAA"
ITEM delete,,"00T500000653fopEAA"
ITEM delete,,"00T500000653foqEAA"
ITEM delete,,"00T500000653forEAA"
ITEM delete,,"00T500000653fosEAA"
ITEM delete,,"00T500000653fotEAA"
ITEM delete,,"00T500000653fouEAA"
ITEM delete,,"00T500000653fovEAA"
ITEM delete,,"00T500000653fowEAA"
ITEM delete,,"00T500000653foxEAA"
ITEM delete,,"00T500000653foyEAA"
ITEM delete,,"00T500000653fozEAA"
ITEM delete,,"00T500000653fp0EAA"
ITEM delete,,"00T500000653fp1EAA"
ITEM delete,,"00T500000653fp2EAA"
ITEM delete,,"00T500000653fp3EAA"
ITEM delete,,"00T500000653fp4EAA"
ITEM delete,,"00T500000653fp5EAA"
ITEM delete,,"00T500000653fp6EAA"
ITEM delete,,"00T500000653fp7EAA"
ITEM delete,,"00T500000653fp8EAA"
ITEM delete,,"00T500000653fp9EAA"
ITEM delete,,"00T500000653fpAEAQ"
ITEM delete,,"00T500000653fpBEAQ"
ITEM delete,,"00T500000653fpCEAQ"
ITEM delete,,"00T500000653fpDEAQ"
ITEM delete,,"00T500000653fpEEAQ"
ITEM delete,,"00T500000653fpFEAQ"
ITEM delete,,"00T500000653fpGEAQ"
ITEM delete,,"00T500000653fpHEAQ"
ITEM delete,,"00T500000653fpIEAQ"
ITEM delete,,"00T500000653fpJEAQ"
ITEM delete,,"00T500000653fpKEAQ"
ITEM delete,,"00T500000653fpLEAQ"
ITEM delete,,"00T500000653fpMEAQ"
ITEM delete,,"00T500000653fpNEAQ"
ITEM delete,,"00T500000653fpOEAQ"
ITEM delete,,"00T500000653fpPEAQ"
ITEM delete,,"00T500000653fpQEAQ"
ITEM delete,,"00T500000653fpREAQ"
ITEM delete,,"00T500000653fpSEAQ"
ITEM delete,,"00T500000653fpTEAQ"
ITEM delete,,"00T500000653fpUEAQ"
ITEM delete,,"00T500000653fpVEAQ"
ITEM delete,,"00T500000653fpWEAQ"
ITEM delete,,"00T500000653fpXEAQ"
ITEM delete,,"00T500000653fpYEAQ"
ITEM delete,,"00T500000653fpZEAQ"
ITEM delete,,"00T500000653fpaEAA"
ITEM delete,,"00T500000653fpbEAA"
ITEM delete,,"00T500000653fpmEAA"
ITEM delete,,"00T500000653fpnEAA"
ITEM delete,,"00T500000653fpoEAA"
ITEM delete,,"00T500000653fppEAA"
ITEM delete,,"00T500000653fpqEAA"
ITEM delete,,"00T500000653fprEAA"
ITEM delete,,"00T500000653fpsEAA"
ITEM delete,,"00T500000653fptEAA"
ITEM delete,,"00T500000653fpuEAA"
ITEM delete,,"00T500000653fpvEAA"
ITEM delete,,"00T500000653fpwEAA"
ITEM delete,,"00T500000653fpxEAA"
ITEM delete,,"00T500000653fpyEAA"
ITEM delete,,"00T500000653fpzEAA"
ITEM delete,,"00T500000653fq0EAA"
ITEM delete,,"00T500000653fq1EAA"
ITEM delete,,"00T500000653fq2EAA"
ITEM delete,,"00T500000653fq3EAA"
ITEM delete,,"00T500000653fq4EAA"
ITEM delete,,"00T500000653fq5EAA"
ITEM delete,,"00T500000653fq6EAA"
ITEM delete,,"00T500000653fq7EAA"
ITEM delete,,"00T500000653fq8EAA"
ITEM delete,,"00T500000653fq9EAA"
ITEM delete,,"00T500000653fqAEAQ"
ITEM delete,,"00T500000653fqBEAQ"
ITEM delete,,"00T500000653fqCEAQ"
ITEM delete,,"00T500000653fqDEAQ"
ITEM delete,,"00T500000653fqEEAQ"
ITEM delete,,"00T500000653fqFEAQ"
ITEM delete,,"00T500000653fqGEAQ"
ITEM delete,,"00T500000653fqHEAQ"
ITEM delete,,"00T500000653fqIEAQ"
ITEM delete,,"00T500000653fqJEAQ"
ITEM delete,,"00T500000653fqKEAQ"
ITEM delete,,"00T500000653fqLEAQ"
ITEM delete,,"00T500000653fqMEAQ"
ITEM delete,,"00T500000653fqNEAQ"
ITEM delete,,"00T500000653fqOEAQ"
ITEM delete,,"00T500000653fqPEAQ"
ITEM delete,,"00T500000653fqQEAQ"
ITEM delete,,"00T500000653fqREAQ"
ITEM delete,,"00T500000653fqSEAQ"
ITEM delete,,"00T500000653fqTEAQ"
ITEM delete,,"00T500000653fqUEAQ"
ITEM delete,,"00T500000653fqVEAQ"
ITEM delete,,"00T500000653fqWEAQ"
ITEM delete,,"00T500000653fqXEAQ"
ITEM delete,,"00T500000653fqYEAQ"
ITEM delete,,"00T500000653fqZEAQ"
ITEM delete,,"00T500000653fqaEAA"
ITEM delete,,"00T500000653fqbEAA"
ITEM delete,,"00T500000653fqcEAA"
ITEM delete,,"00T500000653fqdEAA"
ITEM delete,,"00T500000653fqeEAA"
ITEM delete,,"00T500000653fqfEAA"
ITEM delete,,"00T500000653fqgEAA"
ITEM delete,,"00T500000653fqhEAA"
ITEM delete,,"00T500000653fqiEAA"
ITEM delete,,"00T500000653fqjEAA"
ITEM delete,,"00T500000653fqkEAA"
ITEM delete,,"00T500000653fqlEAA"
ITEM delete,,"00T500000653fqmEAA"
ITEM delete,,"00T500000653fqnEAA"
ITEM delete,,"00T500000653fqoEAA"
ITEM delete,,"00T500000653fqpEAA"
ITEM delete,,"00T500000653fqqEAA"
ITEM delete,,"00T500000653fqrEAA"
ITEM delete,,"00T500000653fqsEAA"
ITEM delete,,"00T500000653fqtEAA"
ITEM delete,,"00T500000653fquEAA"
ITEM delete,,"00T500000653fqvEAA"
ITEM delete,,"00T500000653fqwEAA"
ITEM delete,,"00T500000653fqxEAA"
ITEM delete,,"00T500000653fqyEAA"
ITEM delete,,"00T500000653fqzEAA"
ITEM delete,,"00T500000653fr0EAA"
ITEM delete,,"00T500000653fr1EAA"
ITEM delete,,"00T500000653fr2EAA"
ITEM delete,,"00T500000653fr3EAA"
ITEM delete,,"00T500000653fr4EAA"
ITEM delete,,"00T500000653fr5EAA"
ITEM delete,,"00T500000653fr6EAA"
ITEM delete,,"00T500000653fr7EAA"
ITEM delete,,"00T500000653fr8EAA"
ITEM delete,,"00T500000653fr9EAA"
ITEM delete,,"00T500000653frAEAQ"
ITEM delete,,"00T500000653frBEAQ"
ITEM delete,,"00T500000653frCEAQ"
ITEM delete,,"00T500000653frDEAQ"
ITEM delete,,"00T500000653frEEAQ"
ITEM delete,,"00T500000653frFEAQ"
ITEM delete,,"00T500000653frGEAQ"
ITEM delete,,"00T500000653frHEAQ"
ITEM delete,,"00T500000653frIEAQ"
ITEM delete,,"00T500000653frJEAQ"
ITEM delete,,"00T500000653frKEAQ"
ITEM delete,,"00T500000653frLEAQ"
ITEM delete,,"00T500000653frMEAQ"
ITEM delete,,"00T500000653frNEAQ"
ITEM delete,,"00T500000653frOEAQ"
ITEM delete,,"00T500000653frPEAQ"
ITEM delete,,"00T500000653frQEAQ"
ITEM delete,,"00T500000653frREAQ"
ITEM delete,,"00T500000653frSEAQ"
ITEM delete,,"00T500000653frTEAQ"
ITEM delete,,"00T500000653frUEAQ"
ITEM delete,,"00T500000653frVEAQ"
ITEM delete,,"00T500000653frWEAQ"
ITEM delete,,"00T500000653frXEAQ"
ITEM delete,,"00T500000653frYEAQ"
ITEM delete,,"00T500000653frZEAQ"
ITEM delete,,"00T500000653fraEAA"
ITEM delete,,"00T500000653frbEAA"
ITEM delete,,"00T500000653frcEAA"
ITEM delete,,"00T500000653frdEAA"
ITEM delete,,"00T500000653freEAA"
ITEM delete,,"00T500000653frfEAA"
ITEM delete,,"00T500000653frgEAA"
ITEM delete,,"00T500000653frhEAA"
ITEM delete,,"00T500000653friEAA"
ITEM delete,,"00T500000653frjEAA"
ITEM delete,,"00T500000653frkEAA"
ITEM delete,,"00T500000653frlEAA"
ITEM delete,,"00T500000653frmEAA"
ITEM delete,,"00T500000653frnEAA"
ITEM delete,,"00T500000653froEAA"
ITEM delete,,"00T500000653frpEAA"
ITEM delete,,"00T500000653frqEAA"
ITEM delete,,"00T500000653frrEAA"
ITEM delete,,"00T500000653frsEAA"
ITEM delete,,"00T500000653frtEAA"
ITEM delete,,"00T500000653fruEAA"
ITEM delete,,"00T500000653frvEAA"
ITEM delete,,"00T500000653frwEAA"
ITEM delete,,"00T500000653frxEAA"
ITEM delete,,"00T500000653fryEAA"
ITEM delete,,"00T500000653frzEAA"
ITEM delete,,"00T500000653fs0EAA"
ITEM delete,,"00T500000653fs1EAA"
ITEM delete,,"00T500000653fs2EAA"
ITEM delete,,"00T500000653fs3EAA"
ITEM delete,,"00T500000653fs4EAA"
ITEM delete,,"00T500000653fs5EAA"
ITEM delete,,"00T500000653fs6EAA"
ITEM delete,,"00T500000653fs7EAA"
ITEM delete,,"00T500000653fs8EAA"
ITEM delete,,"00T500000653fs9EAA"
ITEM delete,,"00T500000653fsAEAQ"
ITEM delete,,"00T500000653fsBEAQ"
ITEM delete,,"00T500000653fsCEAQ"
ITEM delete,,"00T500000653fsDEAQ"
ITEM delete,,"00T500000653fsEEAQ"
ITEM delete,,"00T500000653fsFEAQ"
ITEM delete,,"00T500000653fsGEAQ"
ITEM delete,,"00T500000653fsHEAQ"
ITEM delete,,"00T500000653fsIEAQ"
ITEM delete,,"00T500000653fsJEAQ"
ITEM delete,,"00T500000653fsKEAQ"
ITEM delete,,"00T500000653fsLEAQ"
ITEM delete,,"00T500000653fsMEAQ"
ITEM delete,,"00T500000653fsNEAQ"
ITEM delete,,"00T500000653fsOEAQ"
ITEM delete,,"00T500000653fsPEAQ"
ITEM delete,,"00T500000653fsQEAQ"
ITEM delete,,"00T500000653fsREAQ"
ITEM delete,,"00T500000653fsSEAQ"
ITEM delete,,"00T500000653fsTEAQ"
ITEM delete,,"00T500000653fsUEAQ"
ITEM delete,,"00T500000653fsVEAQ"
ITEM delete,,"00T500000653fsWEAQ"
ITEM delete,,"00T500000653fsXEAQ"
ITEM delete,,"00T500000653fsYEAQ"
ITEM delete,,"00T500000653fsZEAQ"
ITEM delete,,"00T500000653fsaEAA"
ITEM delete,,"00T500000653fsbEAA"
ITEM delete,,"00T500000653fscEAA"
ITEM delete,,"00T500000653fsdEAA"
ITEM delete,,"00T500000653fseEAA"
ITEM delete,,"00T500000653fsfEAA"
ITEM delete,,"00T500000653fsgEAA"
ITEM delete,,"00T500000653fshEAA"
ITEM delete,,"00T500000653fsiEAA"
ITEM delete,,"00T500000653fsjEAA"
ITEM delete,,"00T500000653fskEAA"
ITEM delete,,"00T500000653fslEAA"
ITEM delete,,"00T500000653fsmEAA"
ITEM delete,,"00T500000653fsnEAA"
ITEM delete,,"00T500000653fsoEAA"
ITEM delete,,"00T500000653fspEAA"
ITEM delete,,"00T500000653fsqEAA"
ITEM delete,,"00T500000653fsrEAA"
ITEM delete,,"00T500000653fssEAA"
ITEM delete,,"00T500000653fstEAA"
ITEM delete,,"00T500000653fsuEAA"
ITEM delete,,"00T500000653fsvEAA"
ITEM delete,,"00T500000653fswEAA"
ITEM delete,,"00T500000653fsxEAA"
ITEM delete,,"00T500000653fsyEAA"
ITEM delete,,"00T500000653fszEAA"
ITEM delete,,"00T500000653ft0EAA"
ITEM delete,,"00T500000653ft1EAA"
ITEM delete,,"00T500000653ft2EAA"
ITEM delete,,"00T500000653ft3EAA"
ITEM delete,,"00T500000653ft4EAA"
ITEM delete,,"00T500000653ft5EAA"
ITEM delete,,"00T500000653ft6EAA"
ITEM delete,,"00T500000653ft7EAA"
ITEM delete,,"00T500000653ft8EAA"
ITEM delete,,"00T500000653ft9EAA"
ITEM delete,,"00T500000653ftAEAQ"
ITEM delete,,"00T500000653ftBEAQ"
ITEM delete,,"00T500000653ftCEAQ"
ITEM delete,,"00T500000653ftDEAQ"
ITEM delete,,"00T500000653ftEEAQ"
ITEM delete,,"00T500000653ftFEAQ"
ITEM delete,,"00T500000653ftGEAQ"
ITEM delete,,"00T500000653ftHEAQ"
ITEM delete,,"00T500000653ftIEAQ"
ITEM delete,,"00T500000653ftJEAQ"
ITEM delete,,"00T500000653ftKEAQ"
ITEM delete,,"00T500000653ftLEAQ"
ITEM delete,,"00T500000653ftMEAQ"
ITEM delete,,"00T500000653ftNEAQ"
ITEM delete,,"00T500000653ftOEAQ"
ITEM delete,,"00T500000653ftPEAQ"
ITEM delete,,"00T500000653ftQEAQ"
ITEM delete,,"00T500000653ftREAQ"
ITEM delete,,"00T500000653ftSEAQ"
ITEM delete,,"00T500000653ftTEAQ"
ITEM delete,,"00T500000653ftUEAQ"
ITEM delete,,"00T500000653ftVEAQ"
ITEM delete,,"00T500000653ftWEAQ"
ITEM delete,,"00T500000653ftXEAQ"
ITEM delete,,"00T500000653ftYEAQ"
ITEM delete,,"00T500000653ftZEAQ"
ITEM delete,,"00T500000653ftaEAA"
ITEM delete,,"00T500000653ftbEAA"
ITEM delete,,"00T500000653ftcEAA"
ITEM delete,,"00T500000653ftdEAA"
ITEM delete,,"00T500000653fteEAA"
ITEM delete,,"00T500000653ftfEAA"
ITEM delete,,"00T500000653ftgEAA"
ITEM delete,,"00T500000653fthEAA"
ITEM delete,,"00T500000653ftiEAA"
ITEM delete,,"00T500000653ftjEAA"
ITEM delete,,"00T500000653ftkEAA"
ITEM delete,,"00T500000653ftlEAA"
ITEM delete,,"00T500000653ftmEAA"
ITEM delete,,"00T500000653ftnEAA"
ITEM delete,,"00T500000653ftoEAA"
ITEM delete,,"00T500000653ftpEAA"
ITEM delete,,"00T500000653ftqEAA"
ITEM delete,,"00T500000653ftrEAA"
ITEM delete,,"00T500000653ftsEAA"
ITEM delete,,"00T500000653fttEAA"
ITEM delete,,"00T500000653ftuEAA"
ITEM delete,,"00T500000653ftvEAA"
ITEM delete,,"00T500000653ftwEAA"
ITEM delete,,"00T500000653ftxEAA"
ITEM delete,,"00T500000653ftyEAA"
ITEM delete,,"00T500000653ftzEAA"
ITEM delete,,"00T500000653fu0EAA"
